-- phpMyAdmin SQL Dump
-- version 5.2.1
-- https://www.phpmyadmin.net/
--
-- Servidor: 127.0.0.1
-- Tiempo de generación: 12-03-2025 a las 04:41:53
-- Versión del servidor: 10.4.32-MariaDB
-- Versión de PHP: 8.2.12

SET SQL_MODE = "NO_AUTO_VALUE_ON_ZERO";
START TRANSACTION;
SET time_zone = "+00:00";


/*!40101 SET @OLD_CHARACTER_SET_CLIENT=@@CHARACTER_SET_CLIENT */;
/*!40101 SET @OLD_CHARACTER_SET_RESULTS=@@CHARACTER_SET_RESULTS */;
/*!40101 SET @OLD_COLLATION_CONNECTION=@@COLLATION_CONNECTION */;
/*!40101 SET NAMES utf8mb4 */;

--
-- Base de datos: `tablaperiodica`
--

-- --------------------------------------------------------

--
-- Estructura de tabla para la tabla `administradores`
--

CREATE TABLE `administradores` (
  `IDAdmin` int(11) NOT NULL,
  `Usuario` varchar(100) NOT NULL,
  `Correo` varchar(100) NOT NULL,
  `Contrasena` varchar(100) NOT NULL
) ENGINE=InnoDB DEFAULT CHARSET=utf8mb4 COLLATE=utf8mb4_general_ci;

--
-- Volcado de datos para la tabla `administradores`
--

INSERT INTO `administradores` (`IDAdmin`, `Usuario`, `Correo`, `Contrasena`) VALUES
(1, 'wawe', 'wawa@wawa.com', 'wawa');

-- --------------------------------------------------------

--
-- Estructura de tabla para la tabla `elementos`
--

CREATE TABLE `elementos` (
  `numAtomico` int(11) NOT NULL,
  `nombre` varchar(50) NOT NULL,
  `simbolo` varchar(3) NOT NULL,
  `periodo` int(11) NOT NULL,
  `grupo` int(11) NOT NULL,
  `tipo` varchar(50) NOT NULL,
  `puntoEbullicion` double NOT NULL,
  `puntoFusion` double NOT NULL
) ENGINE=InnoDB DEFAULT CHARSET=utf8mb4 COLLATE=utf8mb4_general_ci;

--
-- Volcado de datos para la tabla `elementos`
--

INSERT INTO `elementos` (`numAtomico`, `nombre`, `simbolo`, `periodo`, `grupo`, `tipo`, `puntoEbullicion`, `puntoFusion`) VALUES
(1, 'hidrogeno', 'H', 1, 1, 'noMetales', -252.8, -259.2),
(2, 'helio', 'He', 1, 18, 'gasesNobles', -268.9, -272.2),
(3, 'litio', 'Li', 2, 1, 'metalesAlcalinos', 1342, 180.5),
(4, 'berilio', 'Be', 2, 2, 'alcalinoTerreos', 2470, 1287),
(5, 'boro', 'B', 2, 13, 'metaloides', 4000, 2076),
(6, 'carbono', 'C', 2, 14, 'noMetales', 4827, 3550),
(7, 'nitrogeno', 'N', 2, 15, 'noMetales', -195.8, -210),
(8, 'oxigeno', 'O', 2, 16, 'noMetales', -183, -218.8),
(9, 'fluor', 'F', 2, 17, 'halogenos', -188.1, -219.6),
(10, 'neon', 'Ne', 2, 18, 'gasesNobles', -246.1, -248.6),
(11, 'sodio', 'Na', 3, 1, 'metalesAlcalinos', 883, 97.8),
(12, 'magnesio', 'Mg', 3, 2, 'alcalinoTerreos', 1100, 650),
(13, 'aluminio', 'Al', 3, 13, 'otrosMetales', 2519, 660.3),
(14, 'silicio', 'Si', 3, 14, 'metaloides', 2334, 1414),
(15, 'fosforo', 'P', 3, 15, 'noMetales', 280, 44.2),
(16, 'azufre', 'S', 3, 16, 'noMetales', 445, 115.2),
(17, 'cloro', 'Cl', 3, 17, 'halogenos', -34, -101.5),
(18, 'argon', 'Ar', 3, 18, 'gasesNobles', -185.8, -189.4),
(19, 'potasio', 'K', 4, 1, 'metalesAlcalinos', 759, 63.5),
(20, 'calcio', 'Ca', 4, 2, 'alcalinoTerreos', 1484, 839),
(21, 'escandio', 'Sc', 4, 3, 'metalesTransicion', 2836, 1541),
(22, 'titanio', 'Ti', 4, 4, 'metalesTransicion', 3287, 1668),
(23, 'vanadio', 'V', 4, 5, 'metalesTransicion', 4270, 1910),
(24, 'cromo', 'Cr', 4, 6, 'metalesTransicion', 4712, 2237),
(25, 'manganeso', 'Mn', 4, 7, 'metalesTransicion', 2875, 1246),
(26, 'hierro', 'Fe', 4, 8, 'metalesTransicion', 2862, 1538),
(27, 'cobalto', 'Co', 4, 9, 'metalesTransicion', 2875, 1495),
(28, 'niquel', 'Ni', 4, 10, 'metalesTransicion', 2913, 1455),
(29, 'cobre', 'Cu', 4, 11, 'metalesTransicion', 2562, 1084),
(30, 'zinc', 'Zn', 4, 12, 'metalesTransicion', 907, 419.5),
(31, 'galio', 'Ga', 4, 13, 'otrosMetales', 2400, 29.8),
(32, 'germanio', 'Ge', 4, 14, 'metaloides', 2067, 938),
(33, 'arsenico', 'As', 4, 15, 'otrosMetales', 817, 817),
(34, 'selenio', 'Se', 4, 16, 'noMetales', 887, 217),
(35, 'bromo', 'Br', 4, 17, 'halogenos', 58.8, -7.2),
(36, 'kripton', 'Kr', 4, 18, 'gasesNobles', -153.4, -157.4),
(37, 'rubidio', 'Rb', 5, 1, 'metalesAlcalinos', 690, 39.3),
(38, 'estroncio', 'Sr', 5, 2, 'alcalinoTerreos', 1382, 777),
(39, 'ytrio', 'Y', 5, 3, 'metalesTransicion', 3100, 1529),
(40, 'circonio', 'Zr', 5, 4, 'metalesTransicion', 4200, 1855),
(41, 'niobio', 'Nb', 5, 5, 'metalesTransicion', 4682, 2477),
(42, 'molibdeno', 'Mo', 5, 6, 'metalesTransicion', 4744, 2623),
(43, 'tecnecio', 'Tc', 5, 7, 'metalesTransicion', 4639, 2996),
(44, 'rutenio', 'Ru', 5, 8, 'metalesTransicion', 3900, 2250),
(45, 'rodio', 'Rh', 5, 9, 'metalesTransicion', 3968, 2430),
(46, 'paladio', 'Pd', 5, 10, 'metalesTransicion', 3825, 1555),
(47, 'plata', 'Ag', 5, 11, 'metalesTransicion', 2162, 961.8),
(48, 'cadmio', 'Cd', 5, 12, 'metalesTransicion', 767, 321.1),
(49, 'indio', 'In', 5, 13, 'otrosMetales', 1473, 156.6),
(50, 'estaño', 'Sn', 5, 14, 'otrosMetales', 2875, 231.9),
(51, 'antimonio', 'Sb', 5, 15, 'metaloides', 610, 630),
(52, 'telurio', 'Te', 5, 16, 'metaloides', 988, 449),
(53, 'yodo', 'I', 5, 17, 'halogenos', 113.7, -35.4),
(54, 'xenon', 'Xe', 5, 18, 'gasesNobles', -108, -111.8),
(55, 'cesio', 'Cs', 6, 1, 'metalesAlcalinos', 688, 28.4),
(56, 'bario', 'Ba', 6, 2, 'alcalinoTerreos', 1470, 769),
(57, 'lantano', 'La', 6, 3, 'lantanidos', 3400, 920),
(58, 'cerio', 'Ce', 6, 3, 'lantanidos', 3074, 795),
(59, 'praseodimio', 'Pr', 6, 3, 'lantanidos', 3520, 1016),
(60, 'neodimio', 'Nd', 6, 3, 'lantanidos', 3273, 1021),
(61, 'prometio', 'Pm', 6, 3, 'lantanidos', 1950, 931),
(62, 'samario', 'Sm', 6, 3, 'lantanidos', 3230, 1050),
(63, 'europio', 'Eu', 6, 3, 'lantanidos', 1794, 822),
(64, 'gadolinio', 'Gd', 6, 3, 'lantanidos', 2567, 1313),
(65, 'terbio', 'Tb', 6, 3, 'lantanidos', 2868, 1312),
(66, 'disprosio', 'Dy', 6, 3, 'lantanidos', 3396, 1356),
(67, 'holmio', 'Ho', 6, 3, 'lantanidos', 3123, 1412),
(68, 'erbio', 'Er', 6, 3, 'lantanidos', 3033, 1474),
(69, 'tulio', 'Tm', 6, 3, 'lantanidos', 2868, 1497),
(70, 'itebrio', 'Yb', 6, 3, 'lantanidos', 1950, 824),
(71, 'lutecio', 'Lu', 6, 3, 'lantanidos', 3336, 1545),
(72, 'hafnio', 'Hf', 6, 3, 'metalesTransicion', 5458, 3033),
(73, 'tantalo', 'Ta', 6, 5, 'metalesTransicion', 5731, 3287),
(74, 'wolframio', 'W', 6, 6, 'metalesTransicion', 5555, 3422),
(75, 'renio', 'Re', 6, 7, 'metalesTransicion', 5828, 3186),
(76, 'osmio', 'Os', 6, 8, 'metalesTransicion', 5590, 3045),
(77, 'iridio', 'Ir', 6, 9, 'metalesTransicion', 4428, 2447),
(78, 'platino', 'Pt', 6, 10, 'metalesTransicion', 4098, 1768),
(79, 'oro', 'Au', 6, 11, 'metalesTransicion', 2856, 1064),
(80, 'mercurio', 'Hg', 6, 12, 'metalesTransicion', 357, -38.8),
(81, 'talio', 'Tl', 6, 13, 'otrosMetales', 1750, 303),
(82, 'plomo', 'Pb', 6, 14, 'otrosMetales', 327, 327),
(83, 'bismuto', 'Bi', 6, 15, 'otrosMetales', 1740, 271),
(84, 'polonio', 'Po', 6, 15, 'metaloides', 1560, 254),
(85, 'astato', 'At', 6, 15, 'halogenos', 962, 302),
(86, 'radon', 'Rn', 6, 15, 'gasesNobles', -61.7, -71),
(87, 'francio', 'Fr', 7, 1, 'metalesAlcalinos', 677, 27),
(88, 'radio', 'Ra', 7, 2, 'alcalinoTerreos', 1132, 700),
(89, 'actinio', 'Ac', 7, 3, 'actinidos', 4131, 1040),
(90, 'torio', 'Th', 7, 3, 'actinidos', 4784, 1750),
(91, 'protactinio', 'Pa', 7, 3, 'actinidos', 3200, 1132),
(92, 'uranio', 'U', 7, 3, 'actinidos', 4200, 1587),
(93, 'neptunio', 'Np', 7, 3, 'actinidos', 3228, 1345),
(94, 'plutanio', 'Pu', 7, 3, 'actinidos', 2010, 640),
(95, 'americio', 'Am', 7, 3, 'actinidos', 1529, 860),
(96, 'curio', 'Cm', 7, 3, 'actinidos', 1235, 1176),
(97, 'berkelio', 'Bk', 7, 3, 'actinidos', 2900, 1340),
(98, 'californio', 'Cf', 7, 3, 'actinidos', 1740, 986),
(99, 'einstenio', 'Es', 7, 3, 'actinidos', 1470, 900),
(100, 'fermio', 'Fm', 7, 3, 'actinidos', 1400, 860),
(101, 'mendelevio', 'Md', 7, 3, 'actinidos', 1100, 827),
(102, 'nobelio', 'No', 7, 3, 'actinidos', 1100, 830),
(103, 'lawrencio', 'Lr', 7, 3, 'actinidos', 1100, 827),
(104, 'rutherfordio', 'Rf', 7, 4, 'metalesTransicion', 4500, 1627),
(105, 'dubnio', 'Db', 7, 5, 'metalesTransicion', 4800, 2100),
(106, 'seaborgio', 'Sg', 7, 6, 'metalesTransicion', 5100, 2400),
(107, 'bohrio', 'Bh', 7, 7, 'metalesTransicion', 5400, 2600),
(108, 'hassio', 'Hs', 7, 8, 'metalesTransicion', 5700, 2800),
(109, 'meitnerio', 'Mt', 7, 9, 'metalesTransicion', 5800, 2900),
(110, 'darmstadtio', 'Ds', 7, 10, 'metalesTransicion', 5900, 3000),
(111, 'roentgenio', 'Rg', 7, 11, 'metalesTransicion', 6000, 3100),
(112, 'copernicio', 'Cn', 7, 12, 'metalesTransicion', 6100, 3200),
(113, 'nihonio', 'Nh', 7, 13, 'otrosMetales', 357, -38.8),
(114, 'flevorio', 'Fl', 7, 14, 'otrosMetales', 1750, 303),
(115, 'moscovio', 'Mc', 7, 15, 'otrosMetales', 327, 327),
(116, 'livermorio', 'Lv', 7, 16, 'otrosMetales', 1740, 271),
(117, 'teneso', 'Ts', 7, 17, 'halogenos', 962, 302),
(118, 'oganeson', 'Og', 7, 18, 'gasesNobles', -61.7, -71);

-- --------------------------------------------------------

--
-- Estructura de tabla para la tabla `isotopos`
--

CREATE TABLE `isotopos` (
  `ID` int(11) NOT NULL,
  `z` int(11) NOT NULL,
  `masaAtomica` int(11) NOT NULL,
  `abundancia` double NOT NULL,
  `vidaMedia` varchar(100) NOT NULL
) ENGINE=InnoDB DEFAULT CHARSET=utf8mb4 COLLATE=utf8mb4_general_ci;

--
-- Volcado de datos para la tabla `isotopos`
--

INSERT INTO `isotopos` (`ID`, `z`, `masaAtomica`, `abundancia`, `vidaMedia`) VALUES
(1, 1, 1, 99.984, '0'),
(2, 1, 2, 0.0156, '0'),
(3, 1, 3, 0, '12.3 años'),
(4, 2, 3, 0.00013, '0'),
(5, 2, 4, 99.99996, '0'),
(6, 3, 6, 7.42, '0'),
(7, 3, 7, 92.58, '0'),
(8, 4, 7, 0, '53.28 dias'),
(9, 4, 9, 0, '0'),
(10, 4, 10, 100, '2,600,000 años'),
(11, 5, 10, 19.7, '0'),
(12, 5, 11, 80.3, '0'),
(13, 6, 11, 0, '20.3 minutos'),
(14, 6, 12, 98.89, '0'),
(15, 6, 13, 1.108, '0'),
(16, 6, 14, 0, '5730 años'),
(17, 6, 15, 0, '2.45 segundos'),
(18, 7, 13, 0, '9.97 minutos'),
(19, 7, 14, 99.64, '0'),
(20, 7, 15, 0.37, '0'),
(21, 7, 16, 0, '7.13 segundos'),
(22, 8, 15, 0, '122.2 segundos'),
(23, 8, 16, 99.76, '0'),
(24, 8, 17, 0.04, '0'),
(25, 8, 18, 0.2, '0'),
(26, 9, 18, 0, '1.83 horas'),
(27, 9, 19, 100, '0'),
(28, 10, 20, 90.92, '0'),
(29, 10, 21, 0.26, '0'),
(30, 10, 22, 8.82, '0'),
(31, 11, 22, 0, '2.605 años'),
(32, 11, 23, 100, '0'),
(33, 11, 24, 0, '14.96 horas'),
(34, 12, 24, 78.7, '0'),
(35, 12, 25, 10.13, '0'),
(36, 12, 26, 11.17, '0'),
(37, 12, 27, 0, '9.45 minutos'),
(38, 12, 28, 0, '21 horas'),
(39, 13, 26, 0, '7,300,300 años'),
(40, 13, 27, 100, '0'),
(41, 13, 28, 0, '2.25 minutos'),
(42, 14, 28, 92.91, '0'),
(43, 14, 29, 4.7, '0'),
(44, 14, 30, 3.09, '0'),
(45, 14, 31, 0, '2.62 horas'),
(46, 14, 32, 0, '100 años'),
(47, 15, 31, 110, '0'),
(48, 15, 32, 0, '14.28 dias'),
(49, 15, 33, 0, '24.3 dias'),
(50, 16, 32, 95.02, '0'),
(51, 16, 33, 0.76, '0'),
(52, 16, 34, 4.22, '0'),
(53, 16, 35, 0, '87.2 dias'),
(54, 16, 36, 0.01, '0'),
(55, 17, 35, 75.53, '0'),
(56, 17, 36, 0, '3,010,000 años'),
(57, 17, 37, 24.47, '0'),
(58, 17, 38, 0, '37.2 minutos'),
(59, 18, 36, 0.34, '0'),
(60, 18, 37, 0, '35 dias'),
(61, 18, 38, 0.06, '0'),
(62, 18, 39, 0, '269 años'),
(63, 18, 40, 99.96, '0'),
(64, 18, 41, 0, '1.82 años'),
(65, 19, 39, 93.22, '0'),
(66, 19, 40, 0.12, '1,280,000,000 años'),
(67, 19, 41, 6.77, '1.82 años'),
(68, 19, 42, 0, '12.36 horas'),
(69, 19, 43, 0, '22.3 horas'),
(70, 20, 40, 96.97, '0'),
(71, 20, 41, 0, '1,030,000 años'),
(72, 20, 42, 0.64, '0'),
(73, 20, 43, 0.15, '0'),
(74, 20, 44, 2.06, '0'),
(75, 20, 45, 0, '162.7 dias'),
(76, 20, 46, 0, '0'),
(77, 20, 47, 0, '4.536 dias'),
(78, 20, 48, 0.18, '0'),
(79, 20, 49, 0, '8.72 minutos'),
(80, 21, 44, 0, '3.927 horas'),
(81, 21, 45, 100, '0'),
(82, 21, 46, 0, '83.81 dias'),
(83, 21, 46, 0, '18.72 segundos'),
(84, 21, 47, 0, '3.349 dias'),
(85, 21, 48, 0, '43.67 horas'),
(86, 21, 49, 0, '57.3 minutos'),
(87, 22, 44, 0, '52 años'),
(88, 22, 45, 0, '3.078 horas'),
(89, 22, 46, 7.93, '0'),
(90, 22, 47, 7.28, '0'),
(91, 22, 48, 73.94, '0'),
(92, 22, 49, 5.51, '0'),
(93, 22, 50, 5.34, '0'),
(94, 22, 51, 0, '5.76 minutos'),
(95, 23, 48, 0, '15.98 dias'),
(96, 23, 49, 0, '337 dias'),
(97, 23, 50, 0.25, '140,000 billones de años'),
(98, 23, 51, 99.75, '0'),
(99, 23, 52, 0, '3.76 minutos'),
(100, 24, 49, 0, '42.3 minutos'),
(101, 24, 50, 4.31, '0'),
(102, 24, 51, 0, '27.7 dias'),
(103, 24, 52, 83.76, '0'),
(104, 24, 53, 9.55, '0'),
(105, 24, 54, 2.38, '0'),
(106, 25, 52, 0, '5.591 dias'),
(107, 25, 52, 0, '21.1 minutos'),
(108, 25, 53, 0, '3.7 millones de años'),
(109, 25, 54, 0, '312.2 dias'),
(110, 25, 55, 100, '0'),
(111, 25, 56, 0, '2.578 horas'),
(112, 25, 57, 0, '1.45 minutos'),
(113, 26, 52, 0, '8.28 horas'),
(114, 26, 54, 5.82, '0'),
(115, 26, 55, 0, '2.73 años'),
(116, 26, 56, 91.66, '0'),
(117, 26, 57, 2.19, '0'),
(118, 26, 58, 0.33, '0'),
(119, 26, 59, 0, '45.51 dias'),
(120, 26, 60, 0, '1.5 millones de años'),
(121, 27, 56, 0, '77.3 dias'),
(122, 27, 57, 0, '271.8 dias'),
(123, 27, 58, 0, '70.88 dias'),
(124, 27, 58, 0, '9.1 horas'),
(125, 27, 59, 100, '0'),
(126, 27, 60, 0, '5.271 años '),
(127, 27, 60, 0, '10.47 minutos'),
(128, 27, 61, 0, '1.65 horas'),
(129, 28, 56, 0, '6.1 dias'),
(130, 28, 57, 0, '35.6 horas'),
(131, 28, 58, 67.88, '0'),
(132, 28, 59, 0, '76,000 años'),
(133, 28, 60, 26.23, '0'),
(134, 28, 61, 1.19, '0'),
(135, 28, 62, 3.66, '0'),
(136, 28, 63, 0, '100 años'),
(137, 28, 64, 1.08, '0'),
(138, 28, 65, 0, '2.517 horas'),
(139, 29, 61, 0, '3.35 horas'),
(140, 29, 62, 0, '9.74 minutos'),
(141, 29, 63, 69.09, '0'),
(142, 29, 64, 0, '12.701 horas'),
(143, 29, 65, 30.91, '0'),
(144, 29, 67, 0, '2.58 dias'),
(145, 30, 62, 0, '9.26 horas'),
(146, 30, 63, 0, '38.5 minutos'),
(147, 30, 64, 48.6, '0'),
(148, 30, 65, 0, '243.8 dias'),
(149, 30, 66, 27.9, '0'),
(150, 30, 67, 4.1, '0'),
(151, 30, 68, 18.8, '0'),
(152, 30, 69, 0, '55.6 minutos'),
(153, 30, 69, 0, '13.76 horas'),
(154, 30, 70, 0.6, '0'),
(155, 30, 72, 0, '46.5 horas'),
(156, 31, 66, 0, '9.5 horas'),
(157, 31, 67, 0, '3.260 horas'),
(158, 31, 68, 0, '1.130 horas'),
(159, 31, 69, 60.4, '0'),
(160, 31, 71, 39.6, '0'),
(161, 31, 72, 0, '14.1 horas'),
(162, 32, 68, 0, '270.8 dias'),
(163, 32, 69, 0, '1.63 dias'),
(164, 32, 70, 20.51, '0'),
(165, 32, 71, 0, '11.4 dias'),
(166, 32, 72, 27.43, '0'),
(167, 32, 73, 7.76, '0'),
(168, 32, 74, 36.54, '0'),
(169, 32, 76, 7.76, '0'),
(170, 32, 77, 0, '11.3 horas'),
(171, 33, 71, 0, '2.72 dias'),
(172, 33, 72, 0, '26 horas'),
(173, 33, 73, 0, '80.3 dias'),
(174, 33, 74, 0, '17.78 dias'),
(175, 33, 75, 100, '0'),
(176, 33, 76, 0, '26.3 horas'),
(177, 33, 77, 0, '38.8 horas'),
(178, 34, 73, 0, '7.15 horas'),
(179, 34, 74, 0.87, '0'),
(180, 34, 75, 0, '119.78 dias'),
(181, 34, 76, 9.02, '0'),
(182, 34, 77, 7.58, '0'),
(183, 34, 78, 23.52, '0'),
(184, 34, 79, 0, '65,000 años'),
(185, 34, 80, 49.82, '0'),
(186, 34, 82, 9.19, '0'),
(187, 35, 76, 0, '16 horas'),
(188, 35, 77, 0, '2.376 dias'),
(189, 35, 79, 50.54, '0'),
(190, 35, 80, 0, '17.66 minutos'),
(191, 35, 80, 0, '4.42 horas'),
(192, 35, 81, 49.46, '0'),
(193, 35, 82, 0, '1.471 dias'),
(194, 35, 83, 0, '2.4 horas'),
(195, 35, 84, 0, '31.8 minutos'),
(196, 35, 85, 0, '2.87 minutos'),
(197, 36, 78, 0.35, '0'),
(198, 36, 79, 0, '1.45 dias'),
(199, 36, 80, 2.27, '0'),
(200, 36, 81, 0, '210,000 años'),
(201, 36, 82, 11.56, '0'),
(202, 36, 83, 11.55, '0'),
(203, 36, 83, 0, '1.86 horas'),
(204, 36, 84, 56.9, '0'),
(205, 36, 85, 0, '10.73 años'),
(206, 36, 85, 0, '4.48 horas'),
(207, 36, 86, 17.37, '0'),
(208, 36, 87, 0, '1.27 horas'),
(209, 36, 88, 0, '2.84 horas'),
(210, 36, 89, 0, '3.15 minutos'),
(211, 36, 90, 0, '32.3 segundos'),
(212, 37, 81, 0, '4.57 horas'),
(213, 37, 82, 0, '1.258 minutos'),
(214, 37, 83, 0, '86.2 dias'),
(215, 37, 84, 0, '32.9 dias'),
(216, 37, 85, 72.15, '0'),
(217, 37, 85, 0, '1 microsegundo'),
(218, 37, 86, 0, '18.65 dias'),
(219, 37, 87, 27.85, '48,000 millones de años'),
(220, 37, 88, 0, '17.7 minutos'),
(221, 37, 89, 0, '15.44 minutos'),
(222, 37, 90, 0, '2.6 minutos'),
(223, 37, 90, 0, '4.3 minutos'),
(224, 38, 82, 0, '25.36 dias'),
(225, 38, 83, 0, '1.35 dias'),
(226, 38, 84, 0.56, '0'),
(227, 38, 85, 0, '64.84 dias'),
(228, 38, 85, 0, '1.27 horas'),
(229, 38, 86, 9.86, '0'),
(230, 38, 87, 7.02, '0'),
(231, 38, 87, 0, '2.8 horas'),
(232, 38, 88, 82.56, '0'),
(233, 38, 89, 0, '50.52 dias'),
(234, 38, 90, 0, '29.1 años'),
(235, 38, 91, 0, '9.5 horas'),
(236, 38, 92, 0, '2.71 horas'),
(237, 38, 93, 0, '7.4 minutos'),
(238, 39, 86, 0, '14.74 horas'),
(239, 39, 87, 0, '3.35 dias'),
(240, 39, 88, 0, '106.5 dias'),
(241, 39, 89, 100, '0'),
(242, 39, 89, 0, '15.7 segundos'),
(243, 39, 90, 0, '2.67 dias'),
(244, 39, 90, 0, '3.19 horas'),
(245, 39, 91, 0, '58.51 dias'),
(246, 39, 91, 0, '49.71 minutos'),
(247, 39, 92, 0, '3.54 horas'),
(248, 39, 93, 0, '10.2 horas'),
(249, 40, 86, 0, '16.5 horas'),
(250, 40, 88, 0, '83.4 dias'),
(251, 40, 89, 0, '3.27 dias'),
(252, 40, 90, 51.46, '0'),
(253, 40, 91, 11.23, '0'),
(254, 40, 92, 17.11, '0'),
(255, 40, 93, 0, '1.53 millones de años'),
(256, 40, 94, 17.38, '0'),
(257, 40, 95, 0, '64.02 dias'),
(258, 40, 96, 2.8, '0'),
(259, 40, 97, 0, '16.9 horas'),
(260, 41, 90, 0, '14.6 horas'),
(261, 41, 91, 0, '700 años'),
(262, 41, 91, 0, '62 dias'),
(263, 41, 92, 0, '36 millones de años'),
(264, 41, 92, 0, '10.13 dias'),
(265, 41, 93, 100, '0'),
(266, 41, 93, 0, '16.1 años'),
(267, 41, 94, 0, '20,000 años'),
(268, 41, 94, 0, '6.26 minutos'),
(269, 41, 95, 0, '34.97 dias'),
(270, 41, 95, 0, '3.61 dias'),
(271, 41, 96, 0, '23.4 horas'),
(272, 41, 97, 0, '1.23 horas'),
(273, 41, 97, 0, '58.1 segundos'),
(274, 42, 91, 0, '15.5 minutos'),
(275, 42, 92, 14.84, '0'),
(276, 42, 93, 0, '3,500 años'),
(277, 42, 94, 9.25, '0'),
(278, 42, 95, 15.92, '0'),
(279, 42, 96, 16.68, '0'),
(280, 42, 97, 9.55, '0'),
(281, 42, 98, 24.13, '0'),
(282, 42, 99, 0, '2.748 dias'),
(283, 42, 100, 9.63, '0'),
(284, 42, 101, 0, '14.6 minutos'),
(285, 43, 95, 0, '20 horas'),
(286, 43, 95, 0, '61 dias'),
(287, 43, 96, 0, '4.28 dias'),
(288, 43, 96, 0, '51.5 minutos'),
(289, 43, 97, 0, '2.6 millones de años'),
(290, 43, 97, 0, '90 dias'),
(291, 43, 98, 0, '4.2 millones de años'),
(292, 43, 99, 0, '213,000 años'),
(293, 43, 99, 0, '6.01 años'),
(294, 43, 101, 0, '14.2 minutos'),
(295, 44, 96, 5.51, '0'),
(296, 44, 97, 0, '2.89 dias'),
(297, 44, 98, 1.87, '0'),
(298, 44, 99, 12.72, '0'),
(299, 44, 100, 12.62, '0'),
(300, 44, 101, 17.07, '0'),
(301, 44, 102, 31.61, '0'),
(302, 44, 103, 0, '39.27 dias'),
(303, 44, 104, 58.58, '0'),
(304, 44, 105, 0, '4.44 horas'),
(305, 44, 106, 0, '1.02 años'),
(306, 45, 101, 0, '3.3 años'),
(307, 45, 101, 0, '4.35 dias'),
(308, 45, 102, 0, '2.9 años'),
(309, 45, 102, 0, '207 dias'),
(310, 45, 103, 100, '0'),
(311, 45, 103, 0, '56.12 minutos'),
(312, 45, 105, 0, '35.36 horas'),
(313, 45, 105, 0, '40 segundos'),
(314, 45, 106, 0, '29.9 segundos'),
(315, 46, 102, 0.96, '0'),
(316, 46, 103, 0, '17 dias'),
(317, 46, 104, 10.97, '0'),
(318, 46, 105, 22.23, '0'),
(319, 46, 106, 27.33, '0'),
(320, 46, 107, 0, '6.5 millones de años'),
(321, 46, 108, 26.71, '0'),
(322, 46, 109, 0, '13.5 horas'),
(323, 46, 110, 11.81, '0'),
(324, 47, 105, 0, '41.3 dias'),
(325, 47, 105, 0, '7.2 minutos'),
(326, 47, 106, 0, '8.4 dias'),
(327, 47, 107, 51.82, '0'),
(328, 47, 108, 0, '2.39 minutos'),
(329, 47, 108, 0, '130 años'),
(330, 47, 109, 48.18, '0'),
(331, 47, 109, 0, '39.8 segundos'),
(332, 47, 110, 0, '24.6 segundos'),
(333, 47, 110, 0, '249.8 dias'),
(334, 47, 111, 0, '7.47 dias'),
(335, 48, 106, 1.22, '0'),
(336, 48, 108, 0.88, '0'),
(337, 48, 109, 0, '462 dias'),
(338, 48, 110, 12.39, '0'),
(339, 48, 111, 12.75, '0'),
(340, 48, 111, 0, '48.5 minutos'),
(341, 48, 112, 24.07, '0'),
(342, 48, 113, 12.26, '900,000 millones de años'),
(343, 48, 113, 0, '14.1 años'),
(344, 48, 114, 28.86, '0'),
(345, 48, 115, 0, '2.23 dias'),
(346, 48, 115, 0, '44.6 dias'),
(347, 48, 116, 7.58, '0'),
(348, 48, 117, 0, '2.49 horas'),
(349, 48, 117, 0, '3.4 horas'),
(350, 49, 111, 0, '2.805 dias'),
(351, 49, 113, 4.28, '0'),
(352, 49, 113, 0, '1.658 horas'),
(353, 49, 114, 0, '1.198 minutos'),
(354, 49, 114, 0, '49.51 dias'),
(355, 49, 115, 95.72, '440 billones de años'),
(356, 49, 115, 0, '4.486 horas'),
(357, 49, 116, 0, '14.1 segundos'),
(358, 49, 116, 0, '54.2 minutos'),
(359, 49, 117, 0, '44 minutos'),
(360, 49, 117, 0, '1.94 horas'),
(361, 50, 112, 0.96, '0'),
(362, 50, 113, 0, '115.1 dias'),
(363, 50, 114, 0.66, '0'),
(364, 50, 115, 0.35, '0'),
(365, 50, 116, 14.3, '0'),
(366, 50, 117, 7.61, '0'),
(367, 50, 117, 0, '13.6 dias'),
(368, 50, 118, 24.03, '0'),
(369, 50, 119, 8.58, '0'),
(370, 50, 119, 0, '293 dias'),
(371, 50, 120, 32.85, '0'),
(372, 50, 121, 0, '1.128 dias'),
(373, 50, 121, 0, '55 años'),
(374, 50, 122, 4.72, '0'),
(375, 50, 123, 0, '129.2 dias'),
(376, 50, 123, 0, '40.1 minutos'),
(377, 50, 124, 5.94, '0'),
(378, 50, 125, 0, '9.63 dias'),
(379, 50, 125, 0, '9.5 minutos'),
(380, 50, 126, 0, '100,000 años'),
(381, 51, 117, 0, '2.8 horas'),
(382, 51, 119, 0, '38.1 horas'),
(383, 51, 120, 0, '15.89 minutos'),
(384, 51, 121, 57.25, '0'),
(385, 51, 122, 0, '2.7 dias'),
(386, 51, 123, 42.75, '0'),
(387, 51, 124, 0, '60.2 dias'),
(388, 51, 125, 0, '2.758 años'),
(389, 51, 126, 0, '12.4 dias'),
(390, 51, 126, 0, '19 minutos'),
(391, 51, 127, 0, '3.84 dias'),
(392, 51, 129, 0, '4.4 horas'),
(393, 52, 119, 0, '4.69 dias'),
(394, 52, 120, 0.09, '0'),
(395, 52, 121, 0, '16.8 dias'),
(396, 52, 121, 0, '154 dias'),
(397, 52, 122, 2.46, '0'),
(398, 52, 123, 0.87, '13 billones de años'),
(399, 52, 123, 0, '119.7 dias'),
(400, 52, 124, 4.61, '0'),
(401, 52, 125, 6.99, '0'),
(402, 52, 125, 0, '58 dias'),
(403, 52, 126, 18.71, '0'),
(404, 52, 127, 0, '9.4 horas'),
(405, 52, 127, 0, '109 dias'),
(406, 52, 128, 31.79, '0'),
(407, 52, 129, 0, '1.16 horas'),
(408, 52, 129, 0, '33.6 dias'),
(409, 52, 130, 34.48, '2,500 trillones de años'),
(410, 52, 131, 0, '25 minutos'),
(411, 52, 131, 0, '1.35 dias'),
(412, 52, 132, 0, '3.26 dias'),
(413, 52, 133, 0, '12.4 minutos'),
(414, 52, 133, 0, '55.4 minutos'),
(415, 52, 134, 0, '41.8 minutos'),
(416, 53, 122, 0, '3.62 minutos'),
(417, 53, 123, 0, '13.2 horas'),
(418, 53, 124, 0, '4.18 dias'),
(419, 53, 125, 0, '60.1 dias'),
(420, 53, 126, 0, '13 dias'),
(421, 53, 127, 100, '0'),
(422, 53, 128, 0, '25 minutos'),
(423, 53, 129, 0, '15.7 millones de años'),
(424, 53, 130, 0, '12.36 horas'),
(425, 53, 131, 0, '8.04 dias'),
(426, 53, 132, 0, '2.28 horas'),
(427, 53, 133, 0, '20.8 horas'),
(428, 53, 134, 0, '52.6 minutos'),
(429, 53, 135, 0, '6.57 horas'),
(430, 53, 136, 0, '1.39 minutos'),
(431, 54, 122, 0, '20.1 horas'),
(432, 54, 123, 0, '2 horas'),
(433, 54, 124, 0.1, '0'),
(434, 54, 125, 0, '17.1 horas'),
(435, 54, 126, 0.09, '0'),
(436, 54, 127, 0, '36.41 dias'),
(437, 54, 128, 1.92, '0'),
(438, 54, 129, 26.44, '0'),
(439, 54, 129, 0, '8.89 dias'),
(440, 54, 130, 4.08, '0'),
(441, 54, 131, 21.18, '0'),
(442, 54, 131, 0, '11.9 dias'),
(443, 54, 132, 26.89, '0'),
(444, 54, 133, 0, '5.243 dias'),
(445, 54, 133, 0, '2.19 dias'),
(446, 54, 134, 10.44, '0'),
(447, 54, 135, 0, '9.1 horas'),
(448, 54, 135, 0, '15.36 minutos'),
(449, 54, 136, 8.87, '0'),
(450, 54, 137, 0, '3.82 minutos'),
(451, 54, 138, 0, '14.13 minutos'),
(452, 55, 126, 0, '1.64 minutos'),
(453, 55, 129, 0, '1.336 dias'),
(454, 55, 131, 0, '9.69 dias'),
(455, 55, 132, 0, '6.48 dias'),
(456, 55, 133, 0, '0'),
(457, 55, 134, 0, '2.065 años'),
(458, 55, 134, 0, '2.91 horas'),
(459, 55, 135, 0, '2.3 millones de años'),
(460, 55, 136, 0, '13.16 dias'),
(461, 55, 137, 0, '30.17 años'),
(462, 55, 138, 0, '32.2 minutos'),
(463, 55, 139, 0, '9.3 minutos'),
(464, 56, 130, 0.1, '0'),
(465, 56, 131, 0, '11.7 dias'),
(466, 56, 132, 0.1, '0'),
(467, 56, 133, 0, '10.53 años'),
(468, 56, 133, 0, '1.621 dias'),
(469, 56, 134, 2.42, '0'),
(470, 56, 135, 6.59, '0'),
(471, 56, 135, 0, '1.2 dias'),
(472, 56, 136, 7.81, '0'),
(473, 56, 137, 11.32, '0'),
(474, 56, 137, 0, '2.552 minutos'),
(475, 56, 138, 71.66, '0'),
(476, 56, 139, 0, '1.396 horas'),
(477, 56, 140, 0, '12.75 dias'),
(478, 56, 141, 0, '18.3 minutos'),
(479, 56, 142, 0, '10.7 minutos'),
(480, 57, 137, 0, '60,000 años'),
(481, 57, 138, 0.09, '105,000 millones de años'),
(482, 57, 139, 99.91, '0'),
(483, 57, 140, 0, '1.678 dias'),
(484, 57, 141, 0, '3.9 horas'),
(485, 57, 142, 0, '1.54 minutos'),
(486, 58, 134, 0, '3,016 dias'),
(487, 58, 136, 0.19, '0'),
(488, 58, 138, 0.25, '0'),
(489, 58, 139, 0, '137.6 dias'),
(490, 58, 140, 88.48, '0'),
(491, 58, 141, 0, '32.5 dias'),
(492, 58, 142, 11.07, '0'),
(493, 58, 143, 0, '1.38 dias'),
(494, 58, 144, 0, '284.6 dias'),
(495, 59, 141, 100, '0'),
(496, 59, 142, 0, '19.12 horas'),
(497, 59, 143, 0, '13.57 dias'),
(498, 59, 144, 0, '17.28 minutos'),
(499, 59, 144, 0, '7.2 minutos'),
(500, 60, 142, 27.11, '0'),
(501, 60, 143, 12.17, '0'),
(502, 60, 144, 23.85, '2,100 billones de años'),
(503, 60, 145, 8.3, '0'),
(504, 60, 146, 17.22, '0'),
(505, 60, 147, 0, '10.98 dias'),
(506, 60, 148, 5.73, '0'),
(507, 60, 149, 0, '1.72 horas'),
(508, 60, 150, 5.62, '0'),
(509, 61, 143, 0, '265 años'),
(510, 61, 144, 0, '360 años'),
(511, 61, 145, 0, '17.7 años'),
(512, 61, 146, 0, '5.53 años'),
(513, 61, 147, 0, '2.62 años'),
(514, 61, 148, 0, '5.37 dias'),
(515, 61, 148, 0, '41.3 dias'),
(516, 61, 149, 0, '2.212 dias'),
(517, 61, 151, 0, '1.183 dias'),
(518, 62, 144, 3.09, '0'),
(519, 62, 145, 0, '340 dias'),
(520, 62, 146, 0, '103 millones de años'),
(521, 62, 147, 14.97, '106,000 millones de años'),
(522, 62, 148, 11.24, '7,000 billones de años'),
(523, 62, 149, 13.83, '0'),
(524, 62, 150, 7.44, '0'),
(525, 62, 151, 0, '90 años'),
(526, 62, 152, 76.72, '0'),
(527, 62, 153, 0, '1.929 dias'),
(528, 62, 154, 22.71, '0'),
(529, 63, 148, 0, '54.5 dias'),
(530, 63, 149, 0, '93.1 dias'),
(531, 63, 150, 0, '36 años'),
(532, 63, 151, 47.82, '0'),
(533, 63, 152, 0, '13.48 años'),
(534, 63, 152, 0, '9.29 horas'),
(535, 63, 153, 52.18, '0'),
(536, 63, 154, 0, '8.59 años'),
(537, 63, 155, 0, '4.71 años'),
(538, 63, 156, 0, '15.2 dias'),
(539, 64, 148, 0, '75 años'),
(540, 64, 150, 0, '1.8 millones de años'),
(541, 64, 152, 0.2, '1,100 billones de años'),
(542, 64, 153, 0, '241.6 dias'),
(543, 64, 154, 2.15, '0'),
(544, 64, 155, 14.73, '0'),
(545, 64, 156, 20.47, '0'),
(546, 64, 157, 15.68, '0'),
(547, 64, 158, 24.87, '0'),
(548, 64, 159, 0, '18.6 horas'),
(549, 64, 160, 21.9, '0'),
(550, 64, 162, 0, '8.4 minutos'),
(551, 65, 151, 0, '17.61 horas'),
(552, 65, 155, 0, '5.3 dias'),
(553, 65, 156, 0, '5.3 dias'),
(554, 65, 157, 0, '110 años'),
(555, 65, 158, 0, '180 años'),
(556, 65, 159, 100, '0'),
(557, 65, 160, 0, '72.3 dias'),
(558, 65, 161, 0, '6.91 dias'),
(559, 65, 162, 0, '7.6 minutos'),
(560, 66, 154, 0, '3 millones de años'),
(561, 66, 156, 0.05, '0'),
(562, 66, 157, 0, '8.1 horas'),
(563, 66, 158, 0.09, '0'),
(564, 66, 159, 0, '144.4 dias'),
(565, 66, 160, 2.29, '0'),
(566, 66, 161, 18.88, '0'),
(567, 66, 162, 25.53, '0'),
(568, 66, 163, 24.97, '0'),
(569, 66, 164, 28.18, '0'),
(570, 66, 165, 0, '2.33 horas'),
(571, 66, 166, 0, '3.4 dias'),
(572, 67, 163, 0, '4,570 años'),
(573, 67, 165, 100, '0'),
(574, 67, 166, 0, '1.117 dias'),
(575, 67, 166, 0, '1,200 años'),
(576, 68, 162, 0.14, '0'),
(577, 68, 164, 1.56, '0'),
(578, 68, 166, 33.41, '0'),
(579, 68, 167, 22.94, '0'),
(580, 68, 168, 27.07, '0'),
(581, 68, 169, 0, '9.4 dias'),
(582, 68, 170, 14.8, '0'),
(583, 68, 171, 0, '7.52 horas'),
(584, 68, 172, 0, '2.05 dias'),
(585, 69, 168, 0, '93.1 dias'),
(586, 69, 169, 100, '0'),
(587, 69, 170, 0, '128.6 dias'),
(588, 69, 171, 0, '1.92 años'),
(589, 69, 172, 0, '2.65 dias'),
(590, 70, 168, 0.14, '0'),
(591, 70, 169, 0, '32.03 dias'),
(592, 70, 170, 3.03, '0'),
(593, 70, 171, 14.31, '0'),
(594, 70, 172, 21.82, '0'),
(595, 70, 173, 16.13, '0'),
(596, 70, 174, 31.84, '0'),
(597, 70, 175, 0, '4.19 dias'),
(598, 70, 176, 12.73, '0'),
(599, 71, 173, 0, '1.37 años'),
(600, 71, 174, 0, '3.3 años'),
(601, 71, 174, 0, '142 dias'),
(602, 71, 175, 97.41, '0'),
(603, 71, 176, 2.59, '360,000 millones de años'),
(604, 71, 177, 0, '6.68 dias'),
(605, 71, 177, 0, '160.7 dias'),
(606, 72, 172, 0, '1.87 años'),
(607, 72, 174, 0.18, '2,000 billones de años'),
(608, 72, 175, 0, '70 dias'),
(609, 72, 176, 5.2, '0'),
(610, 72, 177, 18.5, '0'),
(611, 72, 178, 27.14, '0'),
(612, 72, 179, 13.75, '0'),
(613, 72, 180, 35.24, '0'),
(614, 72, 181, 0, '42.4 dias'),
(615, 72, 182, 0, '9 millones de años'),
(616, 73, 179, 0, '1.8 años'),
(617, 73, 180, 0.01, '1,200 billones de años'),
(618, 73, 181, 99.99, '0'),
(619, 73, 182, 0, '114.43 dias'),
(620, 74, 180, 0.14, '0'),
(621, 74, 181, 0, '121.2 dias'),
(622, 74, 182, 26.41, '0'),
(623, 74, 183, 14.4, '0'),
(624, 74, 184, 30.64, '0'),
(625, 74, 185, 0, '74.8 dias'),
(626, 74, 185, 0, '1.6 minutos'),
(627, 74, 186, 28.41, '0'),
(628, 74, 187, 0, '23.9 horas'),
(629, 74, 188, 0, '69.4 dias'),
(630, 75, 182, 0, '2.67 dias'),
(631, 75, 182, 0, '12.7 horas'),
(632, 75, 183, 0, '70 dias'),
(633, 75, 184, 0, '38 dias'),
(634, 75, 184, 0, '165 dias'),
(635, 75, 185, 37.07, '0'),
(636, 75, 186, 0, '3.78 dias'),
(637, 75, 187, 62.93, '41,000 millones de años'),
(638, 75, 188, 0, '16.94 horas'),
(639, 76, 184, 0.02, '0'),
(640, 76, 185, 0, '93.6 dias'),
(641, 76, 186, 1.59, '2,000 billones de años'),
(642, 76, 187, 1.64, '0'),
(643, 76, 188, 13.3, '0'),
(644, 76, 189, 16.1, '0'),
(645, 76, 190, 26.4, '0'),
(646, 76, 190, 0, '9.9 minutos'),
(647, 76, 191, 0, '155.4 dias'),
(648, 76, 191, 0, '13.1 horas'),
(649, 76, 192, 41, '0'),
(650, 76, 193, 0, '30.5 horas'),
(651, 76, 194, 0, '6 años'),
(652, 77, 188, 0, '1.72 dias'),
(653, 77, 189, 0, '13.2 dias'),
(654, 77, 190, 0, '11.8 dias'),
(655, 77, 190, 0, '1.2 horas'),
(656, 77, 190, 0, '3.2 horas'),
(657, 77, 191, 37.3, '0'),
(658, 77, 191, 0, '4.93 segundos'),
(659, 77, 192, 0, '73.83 dias'),
(660, 77, 193, 62.7, '0'),
(661, 77, 193, 0, '10.53 dias'),
(662, 77, 194, 0, '19.3 horas'),
(663, 77, 194, 0, '170 dias'),
(664, 78, 188, 0, '10.2 dias'),
(665, 78, 190, 0.01, '600,000 millones de años'),
(666, 78, 191, 0, '2.96 dias'),
(667, 78, 192, 0.78, '0'),
(668, 78, 193, 0, '60 años'),
(669, 78, 193, 0, '4.33 dias'),
(670, 78, 194, 32.9, '0'),
(671, 78, 195, 33.8, '0'),
(672, 78, 195, 0, '4.02 dias'),
(673, 78, 196, 25.3, '0'),
(674, 78, 197, 0, '18.3 horas'),
(675, 78, 197, 0, '1.59 horas'),
(676, 78, 198, 7.21, '0'),
(677, 79, 194, 0, '1.64 dias'),
(678, 79, 195, 0, '186.12 dias'),
(679, 79, 195, 0, '30.5 segundos'),
(680, 79, 196, 0, '6.18 dias'),
(681, 79, 197, 100, '0'),
(682, 79, 197, 0, '7.8 segundos'),
(683, 79, 198, 0, '2.694 dias'),
(684, 79, 199, 0, '3.14 dias'),
(685, 80, 194, 0, '520 años'),
(686, 80, 196, 0.15, '0'),
(687, 80, 197, 0, '2.672 dias'),
(688, 80, 197, 0, '23.8 horas'),
(689, 80, 198, 10.2, '0'),
(690, 80, 199, 16.4, '0'),
(691, 80, 200, 23.13, '0'),
(692, 80, 201, 13.22, '0'),
(693, 80, 202, 29.8, '0'),
(694, 80, 203, 0, '46.61 dias'),
(695, 80, 204, 6.85, '0'),
(696, 80, 206, 0, '8.2 minutos'),
(697, 81, 200, 0, '1.087 dias'),
(698, 81, 201, 0, '3.038 dias'),
(699, 81, 202, 0, '12.23 dias'),
(700, 81, 203, 29.52, '0'),
(701, 81, 204, 0, '3.78 años'),
(702, 81, 205, 70.48, '0'),
(703, 81, 206, 0, '4.2 minutos'),
(704, 81, 207, 0, '4.77 minutos'),
(705, 81, 208, 0, '3.0153 minutos'),
(706, 81, 209, 0, '2.2 minutos'),
(707, 81, 210, 0, '1.3 minutos'),
(708, 82, 202, 0, '53,000 años'),
(709, 82, 202, 0, '3.53 horas'),
(710, 82, 203, 0, '2.162 dias'),
(711, 82, 204, 1.48, '0'),
(712, 82, 204, 0, '1.12 horas'),
(713, 82, 205, 0, '15 millones de años'),
(714, 82, 206, 23.6, '0'),
(715, 82, 207, 22.6, '0'),
(716, 82, 208, 52.3, '0'),
(717, 82, 209, 0, '3.25 horas'),
(718, 82, 210, 0, '22.3 años'),
(719, 82, 211, 0, '36.1 minutos'),
(720, 82, 212, 0, '10.64 horas'),
(721, 82, 214, 0, '27 minutos'),
(722, 83, 204, 0, '11.2 horas'),
(723, 83, 205, 0, '15.31 dias'),
(724, 83, 206, 0, '6.243 dias'),
(725, 83, 207, 0, '32.2 años'),
(726, 83, 208, 0, '368,000 años'),
(727, 83, 209, 100, '0'),
(728, 83, 210, 0, '5.01 dias'),
(729, 83, 210, 0, '3 millones de años'),
(730, 83, 211, 0, '2.14 minutos'),
(731, 83, 212, 0, '1.009 horas'),
(732, 83, 213, 0, '45.6 minutos'),
(733, 83, 214, 0, '19.9 minutos'),
(734, 83, 215, 0, '7 minutos'),
(735, 84, 206, 0, '8.8 dias'),
(736, 84, 207, 0, '5.8 horas'),
(737, 84, 208, 0, '2.898 años'),
(738, 84, 209, 0, '102 años'),
(739, 84, 210, 0, '138.38 dias'),
(740, 84, 211, 0, '0.516 segundos'),
(741, 84, 212, 0, '0.298 microsegundos'),
(742, 84, 213, 0, '4 microsegundos'),
(743, 84, 214, 0, '163.7 microsegundos'),
(744, 84, 215, 0, '1.78 milisegundos'),
(745, 84, 216, 0, '0.145 segundos'),
(746, 84, 218, 0, '3.1 minutos'),
(747, 85, 206, 0, '29.4 minutos'),
(748, 85, 208, 0, '1.63 horas'),
(749, 85, 211, 0, '7.21 horas'),
(750, 85, 215, 0, '0.1 milisegundos'),
(751, 85, 217, 0, '32 milisegundos'),
(752, 85, 218, 0, '1.6 segundos'),
(753, 85, 219, 0, '50 segundos'),
(754, 86, 211, 0, '14.6 horas'),
(755, 86, 212, 0, '24 minutos'),
(756, 86, 217, 0, '0.6 milisegundos'),
(757, 86, 218, 0, '35 milisegundos'),
(758, 86, 219, 0, '3.96 segundos'),
(759, 86, 220, 0, '55.61 segundos'),
(760, 86, 222, 0, '3.824 dias'),
(761, 87, 212, 0, '20 minutos'),
(762, 87, 221, 0, '4.8 minutos'),
(763, 87, 223, 0, '21.8 minutos'),
(764, 88, 222, 0, '38 segundos'),
(765, 88, 223, 0, '11.435 dias'),
(766, 88, 224, 0, '3.66 dias'),
(767, 88, 225, 0, '14.9 dias'),
(768, 88, 226, 0, '1600 años'),
(769, 88, 228, 0, '5.76 años'),
(770, 89, 225, 0, '10 dias'),
(771, 89, 227, 0, '21.77 años'),
(772, 89, 228, 0, '6.15 horas'),
(773, 90, 226, 0, '30.6 minutos'),
(774, 90, 227, 0, '18l.72 dias'),
(775, 90, 228, 0, '1.913 años'),
(776, 90, 229, 0, '7.340 años'),
(777, 90, 230, 0, '75,400 años'),
(778, 90, 231, 0, '1.063 dias'),
(779, 90, 232, 100, '14,000 millones de años'),
(780, 90, 233, 0, '22.3 minutos'),
(781, 90, 234, 0, '24.1 dias'),
(782, 91, 230, 0, '17.4 dias'),
(783, 91, 231, 0, '32,700 años'),
(784, 91, 233, 0, '27 dias'),
(785, 91, 234, 0, '6.69 horas'),
(786, 91, 234, 0, '1.17 minutos'),
(787, 92, 230, 0, '20.8 dias'),
(788, 92, 231, 0, '4.2 dias'),
(789, 92, 232, 0, '70 años'),
(790, 92, 233, 0, '159,000 años'),
(791, 92, 234, 0.1, '247,000 años'),
(792, 92, 235, 0.72, '704 millones de años'),
(793, 92, 236, 0, '23.4 millones de años'),
(794, 92, 237, 0, '6.75 dias'),
(795, 92, 238, 99.27, '4,470 millones de años'),
(796, 92, 239, 0, '23.5 minutos'),
(797, 92, 240, 0, '14.1 horas'),
(798, 93, 235, 0, '1.085 años'),
(799, 93, 236, 0, '155,000 años'),
(800, 93, 236, 0, '22.5 horas'),
(801, 93, 237, 0, '2.14 millones de años'),
(802, 93, 238, 0, '2.117 dias'),
(803, 93, 239, 0, '2.355 dias'),
(804, 93, 240, 0, '1.032 horas'),
(805, 93, 240, 0, '7.22 minutos'),
(806, 94, 236, 0, '2.87 años'),
(807, 94, 237, 0, '45.2 dias'),
(808, 94, 238, 0, '87.7 años'),
(809, 94, 239, 0, '24,360 años'),
(810, 94, 240, 0, '6,560 años'),
(811, 94, 241, 0, '14.4 años'),
(812, 94, 242, 0, '375,000 años'),
(813, 94, 243, 0, '4.956 horas'),
(814, 94, 244, 0, '80 millones de años'),
(815, 94, 245, 0, '10.5 horas'),
(816, 94, 246, 0, '10.85 dias'),
(817, 95, 240, 0, '2.12 dias'),
(818, 95, 241, 0, '432.7 años'),
(819, 95, 242, 0, '16.02 horas'),
(820, 95, 242, 0, '141 años'),
(821, 95, 243, 0, '7,370 años'),
(822, 95, 244, 0, '10.1 horas'),
(823, 95, 245, 0, '2.05 horas'),
(824, 95, 246, 0, '39 minutos'),
(825, 96, 241, 0, '32.8 dias'),
(826, 96, 242, 0, '162.8 dias'),
(827, 96, 243, 0, '29.1 años'),
(828, 96, 244, 0, '18.1 años'),
(829, 96, 245, 0, '8,500 años'),
(830, 96, 246, 0, '4,760 años'),
(831, 96, 247, 0, '16 millones de años'),
(832, 96, 248, 0, '348,000 años'),
(833, 96, 249, 0, '1.069 horas'),
(834, 96, 250, 0, '9,700 años'),
(835, 97, 242, 0, '7 minutos'),
(836, 97, 244, 0, '4.4 horas'),
(837, 97, 245, 0, '4.94 dias'),
(838, 97, 247, 0, '1,430 años'),
(839, 97, 249, 0, '314 dias'),
(840, 97, 250, 0, '3.217 horas'),
(841, 97, 251, 0, '56 minutos'),
(842, 98, 245, 0, '44 minutos'),
(843, 98, 246, 0, '1.49 dias'),
(844, 98, 247, 0, '3.11 horas'),
(845, 98, 248, 0, '334 dias'),
(846, 98, 249, 0, '351 años'),
(847, 98, 250, 0, '13.1 años'),
(848, 98, 251, 0, '900 años'),
(849, 98, 252, 0, '2.368 años'),
(850, 98, 253, 0, '17.8 dias'),
(851, 98, 254, 0, '60.5 dias'),
(852, 99, 246, 0, '7.7 minutos'),
(853, 99, 248, 0, '26 minutos'),
(854, 99, 249, 0, '1.7 horas'),
(855, 99, 250, 0, '8.6 horas'),
(856, 99, 251, 0, '1.38 dias'),
(857, 99, 252, 0, '1.29 años'),
(858, 99, 253, 0, '20.47 dias'),
(859, 99, 254, 0, '276 dias'),
(860, 99, 254, 0, '1.64 dias'),
(861, 99, 255, 0, '40 dias'),
(862, 100, 249, 0, '3 minutos'),
(863, 100, 250, 0, '30 minutos'),
(864, 100, 251, 0, '5.3 horas'),
(865, 100, 252, 0, '1.058 dias'),
(866, 100, 253, 0, '3 dias'),
(867, 100, 254, 0, '3.24 horas'),
(868, 100, 255, 0, '20.1 horas'),
(869, 100, 256, 0, '2.63 horas'),
(870, 100, 257, 0, '100.5 dias'),
(871, 101, 250, 0, '50 segundos'),
(872, 101, 252, 0, '2 minutos'),
(873, 101, 253, 0, 'indefinido'),
(874, 101, 254, 0, '10 minutos'),
(875, 101, 255, 0, '27 minutos'),
(876, 101, 258, 0, '51.5 dias'),
(877, 102, 258, 0, '1.7 minutos'),
(878, 102, 258, 0, '55 segundos'),
(879, 102, 258, 0, '3.1 minutos'),
(880, 102, 258, 0, '25 segundos'),
(881, 103, 254, 0, '13 segundos'),
(882, 103, 256, 0, '28 segundos'),
(883, 103, 257, 0, '0.65 segundos'),
(884, 103, 258, 0, '4.3 segundos'),
(885, 104, 255, 0, '1.7 segundos'),
(886, 104, 256, 0, '0.007 segundos'),
(887, 104, 257, 0, '4.7 segundos'),
(888, 104, 258, 0, '0.012 segundos'),
(889, 104, 259, 0, '3.4 segundos'),
(890, 104, 260, 0, '0.020 segundos'),
(891, 104, 261, 0, '1.1 minutos'),
(892, 104, 262, 0, '1.2 segundos'),
(893, 105, 258, 0, '4.2 segundos'),
(894, 105, 262, 0, '34 segundos'),
(895, 106, 259, 0, '0.9 segundos'),
(896, 106, 260, 0, '0.0036 segundos'),
(897, 106, 261, 0, '0.23 segundos'),
(898, 106, 263, 0, '0.8 segundos'),
(899, 106, 265, 0, '16 segundos'),
(900, 106, 266, 0, '20 segundos'),
(901, 107, 260, 0, '0.0118 segundos'),
(902, 107, 262, 0, '0.102 segundos'),
(903, 108, 265, 0, '2 milisegundos'),
(904, 109, 266, 0, '3.4 milisegundos'),
(905, 110, 281, 0, '3.7 minutos'),
(906, 111, 281, 0, '26 segundos'),
(907, 112, 285, 0, '8.9 minutos'),
(908, 113, 286, 0, '19.6 segundos'),
(909, 114, 289, 0, '1.1 minutos'),
(910, 115, 288, 0, '173 milisegundos'),
(911, 116, 293, 0, '61 milisegundos'),
(912, 117, 294, 0, '78 milisegundos'),
(913, 118, 294, 0, '0.89 milisegundos');

-- --------------------------------------------------------

--
-- Estructura de tabla para la tabla `logbook`
--

CREATE TABLE `logbook` (
  `IDLOG` int(11) NOT NULL,
  `Seccion` varchar(100) NOT NULL,
  `Titulo` varchar(100) NOT NULL,
  `Texto` varchar(1000) NOT NULL,
  `Day` int(11) NOT NULL,
  `Month` int(11) NOT NULL,
  `Year` int(11) NOT NULL,
  `Img` varchar(50) NOT NULL
) ENGINE=InnoDB DEFAULT CHARSET=utf8mb4 COLLATE=utf8mb4_general_ci;

--
-- Volcado de datos para la tabla `logbook`
--

INSERT INTO `logbook` (`IDLOG`, `Seccion`, `Titulo`, `Texto`, `Day`, `Month`, `Year`, `Img`) VALUES
(1, 'Community', 'Creacion del apartado Community', 'Se creo un apartado exclusivo para los usuarios llamado Community. El proposito de este apartado es manejar todas las acciones administrativas del la aplicacion. <br><br>\r\n\r\nSe realizo el header de este apartado con ayuda de HTML y CSS.', 28, 10, 2024, 'NULL'),
(2, 'Community', 'Creacion del apartado logbook.\r\n\r\n', 'Se creo una seccion en el apartado de comunidad llamada logbook, su proposito es  mantener un registro (accesible para todos) de todos los cambios hechos al proyecto.<br><br>\r\n\r\nPara acceder a la informacion facilmente se  podra filtrar el contenido por medio de la fecha. Se elige que fecha se desea ver y apareceran todas las actualizaciones que se hiceron en ese tiempo.<br><br>\r\n\r\nSe diseno, estructuro y codifico el apartado logbook con html y css.<br><br>', 28, 10, 2024, 'NULL'),
(4, 'Commnunity', 'Seguimiento de logbook - 1.', 'Se creo una nueva tabla en la base de datos para el apartado logbook. Se usara para almacenar, modificar y eliminar la informacion.<br><br>\r\n\r\nSe conecto la base de datos con html utilizando php. Tambien ahora el filtrado de informacion por medio de fechas es funcional con la ayuda de JavaScript(AJAX).<br><br>\r\n\r\nSe actualizo el apartado de admin para la nueva tabla, ahora se puede manipular la informacion desde la aplicacion web (funcion exclusiva para administradores).', 29, 10, 2024, 'NULL'),
(7, 'Admin', 'Seguimineto de Admin - 1.', 'Se optimizo el apartado de administrador. Ahora se usa JavaScript(AJAX) para abrir y cerrar los formularios en los apartados de tablas. Esto es para hacer mas comodo el administrar las tablas. Se utilizan funciones de JavaScript  para abrir y cerrar los formularios.', 30, 10, 2024, 'NULL'),
(13, 'Admin', 'Creacion de usuarios', 'Se creo una tabla en la base datos para almacenar informacion de los usuarios. No es necesario iniciar sesion para disfrutar de la pagina, pero sera necesario para apartados como el buzon de sugerencias y algunas funciones de el laboratorio y la tabla periodica.\r\n<br><br> \r\nLa informacion que se proporciona no sera utilizada para nd mas que la aplicacion, de todos modos se recomienda que utilice una contraseña nueva para inicar sesion para evitar problemas.', 31, 10, 2024, 'null'),
(14, 'Community', 'Inicio de sesion y registro.', 'Se ha añanido la opcion de registrarse, inicar sesion y cerrar sesion a la aplicacion web.  Esto solo sera necesario para el apartado de sugerencias y algunas funciones del laboratorio y la tabla periodica. La informacion que se tendra que dar es minima solo un correo y contraseña.<br><br>\r\n\r\nSe diseño tambien el formulario para inicio y cerrado de sesion y registrarse con HTML y CSS. Para su comportamiento se uso JavaScript(AJAX).', 31, 10, 2024, 'null'),
(15, 'Community', 'Buzon de sugerencias', 'Con el fin de mejorar la pagina lo mas posible, se ha optado por dejar a los usuarios mandar sus sugerencias  para la aplicacion web (que consideren que mejorara el programa). Se podra votar positiva o negativamente por estas ideas, esto para saber cuales son de mayor interes.<br><br>\r\n\r\nLas sugerencias se dividiran por secciones (ej: laboratorio), sera necesario un titulo y texto explicando tu idea. En este dia se creo el formulario para mandar tus ideas (todo completamente funcional), y tambien una seccion para poder ver y votar por las sugerencias de otros (tambien funcional).<br><br>\r\n\r\nSi no se tiene la sesion iniciada no se podra mandar ninguna sugerencia ya que se debe tener un registro de quien es el autor de la sugerencia para culaqui problema que pueda emerger.', 31, 10, 2024, 'null'),
(16, 'Admin', 'Creacion de sugerencias', 'Se crearon dos tablas para el apartado de sugerencias (sugerencias, votes). La tabla de sugerencias sera usada para almacenar el titulo, texto, autor y la seccion. Mientras que los votes son para almacenar la informacion de los votos de las sugerencias (IDSugerencia, IDUsuario y Tipo). <br><br>\r\n\r\nEstas dos tablas tambien fueron agregadas al apartado de admin para poder modificar la informacion facilmente.', 31, 10, 2024, 'null'),
(17, 'General', 'Menu (Actualizacion de diseño)', 'Se actualizo el diseño del menu general para hacerlo mas llamativo y con mas personalidad. Tambien hay dos nuevos botones (comunidad y github) para poder entrar a las secciones haz click en los botones', 1, 11, 2024, 'NULL'),
(18, 'General', 'Github OCT 2024', 'Se subio la aplicacion web a github. para mantener un registro de las versiones y sus cambios por mes. Las versiones se pueden accesar por el apartado de github en el menu principal', 1, 11, 2024, 'NULL'),
(19, 'Community', 'Seguimiento Logbook', 'Ahora solo se pueden seleccionar fechas validas, esto para evitar el error de fecha no encontrada. Tambien se actualizaron los campos en la base de datos del logbook.<br><br>Se quito el campo de \"Fecha\".<br>Se añadio el apartado de \"Day\", \"Month\" y \"Year\"', 5, 11, 2024, 'NULL'),
(20, 'General', 'AHORA LA APLICACION WEB ES PUBLICA!!!', 'Desde el 5 de Octubre del 2024 nuesta app web \"Tabla Periodica\" estara disponible para todo el mundo!!! Gracias a <a href=\"https://namecheap.com\">namecheap.com </a> ahora con el link <a href=\"https://tablaperiodica.xyz\">tablaperiodica.xyz </a>  se podra accesar a la pagina. El costo de la pagina por mes es de $6.50 dlls.\r\n\r\n<br><br> Se estara actualizando cada mes a la pagina con los cambios que se realizaron o se actualizara por cambios urgentes como errores.', 5, 11, 2024, 'NULL'),
(21, 'General', 'Menu (community)', 'Se empezo el diseño y estrucutra del menu de la seccion community, en esta version hay un menu estilo carrousel para ver las diferentes secciones de la aplicacion, con un boton que te envia a las secciones anunciadas', 6, 11, 2024, 'NULL');

-- --------------------------------------------------------

--
-- Estructura de tabla para la tabla `oxidacion`
--

CREATE TABLE `oxidacion` (
  `z` int(11) NOT NULL,
  `Estados` longtext CHARACTER SET utf8mb4 COLLATE utf8mb4_bin NOT NULL CHECK (json_valid(`Estados`))
) ENGINE=InnoDB DEFAULT CHARSET=utf8mb4 COLLATE=utf8mb4_general_ci;

--
-- Volcado de datos para la tabla `oxidacion`
--

INSERT INTO `oxidacion` (`z`, `Estados`) VALUES
(1, '[-1, 1]'),
(2, '[0]'),
(3, '[1]'),
(4, '[2]'),
(5, '[3]'),
(6, '[4, 3, 2, 1, -1, -2, -3, -4]'),
(7, '[5, 4, 3, 2, -3]'),
(8, '[-1, -2]'),
(9, '[-1]'),
(10, '[0]'),
(11, '[1]'),
(12, '[2]'),
(13, '[3]'),
(14, '[4, -4]'),
(15, '[3, -3, 5]'),
(16, '[2, -2, 4, 6]'),
(17, '[7, 5, 3, 1, -1]'),
(18, '[0]'),
(19, '[1]'),
(20, '[2]'),
(21, '[3]'),
(22, '[3, 4]'),
(23, '[5, 4, 3, 2]'),
(24, '[2, 3, 6]'),
(25, '[7, 6, 4, 3, 2, -1]'),
(26, '[6, 3, 2, 0, -2]'),
(27, '[3, 2, -1]'),
(28, '[2, 3]'),
(29, '[1, 2]'),
(30, '[2]'),
(31, '[3]'),
(32, '[4]'),
(33, '[3, -3, 5]'),
(34, '[-2, 4, 6]'),
(35, '[1, -1, 3, 5, 7]'),
(36, '[0]'),
(37, '[1]'),
(38, '[2]'),
(39, '[3]'),
(40, '[4]'),
(41, '[5, 3]'),
(42, '[6, 5, 4, 3, 2]'),
(43, '[7]'),
(44, '[8, 6, 4, 3, 2, -2]'),
(45, '[5, 4, 3, 2, 1]'),
(46, '[4, 2]'),
(47, '[2, 1]'),
(48, '[2]'),
(49, '[3]'),
(50, '[4, 2]'),
(51, '[5, 3, -3]'),
(52, '[6, 4, -2]'),
(53, '[7, 5, 3, 1, -1]'),
(54, '[0]'),
(55, '[1]'),
(56, '[2]'),
(57, '[3]'),
(58, '[4, 3, 2]'),
(59, '[4, 3]'),
(60, '[3]'),
(61, '[3]'),
(62, '[3, 2]'),
(63, '[3, 2]'),
(64, '[3]'),
(65, '[4, 3]'),
(66, '[3]'),
(67, '[3]'),
(68, '[3]'),
(69, '[3, 2]'),
(70, '[3, 2]'),
(71, '[3]'),
(72, '[4]'),
(73, '[5]'),
(74, '[6, 5, 4, 3, 2]'),
(75, '[7, 6, 4, 2, -1]'),
(76, '[8, 6, 4, 3, 2, -2]'),
(77, '[6, 4, 3, 2, 1, -1]'),
(78, '[4, 2]'),
(79, '[5, 4, 3, 2, 1, -1]'),
(80, '[2, 1]'),
(81, '[3, 1]'),
(82, '[4, 2]'),
(83, '[5, 3]'),
(84, '[6, 4, 2]'),
(85, '[7, 5, 3, 1, -1]'),
(86, '[0]'),
(87, '[1]'),
(88, '[2]'),
(89, '[3]'),
(90, '[4]'),
(91, '[5, 4]'),
(92, '[6, 5, 4, 3]'),
(93, '[6, 5, 4, 3]'),
(94, '[6, 5, 4, 3]'),
(95, '[6, 5, 4, 3]'),
(96, '[4, 3]'),
(97, '[4, 3]'),
(98, '[4, 3]'),
(99, '[3]'),
(100, '[3]'),
(101, '[3]'),
(102, '[3]'),
(103, '[3]'),
(104, '[4]'),
(105, '[5, 4]'),
(106, '[6, 5, 4]'),
(107, '[7, 6, 5, 4, 3]'),
(108, '[8, 7, 6, 5, 4, 3, 2, 1]'),
(109, '[6, 5, 4, 3, 2, 1]'),
(110, '[6, 5, 4, 3, 2, 1]'),
(111, '[3, -1]'),
(112, '[2, 1]'),
(113, '[1]'),
(114, '[2]'),
(115, '[3, 1]'),
(116, '[4, 2]'),
(117, '[5, 3, 1, -1]'),
(118, '[0]');

-- --------------------------------------------------------

--
-- Estructura de tabla para la tabla `sugerencias`
--

CREATE TABLE `sugerencias` (
  `IDSugerencia` int(11) NOT NULL,
  `IDUsuario` int(11) NOT NULL,
  `Titulo` varchar(100) NOT NULL,
  `Texto` varchar(1000) NOT NULL,
  `Tipo` varchar(20) NOT NULL
) ENGINE=InnoDB DEFAULT CHARSET=utf8mb4 COLLATE=utf8mb4_general_ci;

--
-- Volcado de datos para la tabla `sugerencias`
--

INSERT INTO `sugerencias` (`IDSugerencia`, `IDUsuario`, `Titulo`, `Texto`, `Tipo`) VALUES
(12, 4, 'MMMM', 'mmmm', 'wawa');

-- --------------------------------------------------------

--
-- Estructura de tabla para la tabla `usuarios`
--

CREATE TABLE `usuarios` (
  `IDUsuario` int(11) NOT NULL,
  `Username` varchar(50) NOT NULL,
  `Correo` varchar(100) NOT NULL,
  `Password` varchar(50) NOT NULL,
  `Dificultad` varchar(50) NOT NULL,
  `UserInfo` longtext CHARACTER SET utf8mb4 COLLATE utf8mb4_bin NOT NULL CHECK (json_valid(`UserInfo`))
) ENGINE=InnoDB DEFAULT CHARSET=utf8mb4 COLLATE=utf8mb4_general_ci;

--
-- Volcado de datos para la tabla `usuarios`
--

INSERT INTO `usuarios` (`IDUsuario`, `Username`, `Correo`, `Password`, `Dificultad`, `UserInfo`) VALUES
(3, 'Underlamy', 'pgx321p@gmail.com', 'perrobailandojazz', '', '0'),
(4, 'Pam :3', 'pampan@gmail.com', 'megustafer:3', ' ', '0'),
(5, 'wawa', 'wawa@wawa', 'wawa', '', '0');

-- --------------------------------------------------------

--
-- Estructura de tabla para la tabla `votes`
--

CREATE TABLE `votes` (
  `IDVote` int(11) NOT NULL,
  `IDSugerencia` int(11) NOT NULL,
  `IDUsuario` int(10) NOT NULL,
  `Tipo` char(10) NOT NULL
) ENGINE=InnoDB DEFAULT CHARSET=utf8mb4 COLLATE=utf8mb4_general_ci;

--
-- Volcado de datos para la tabla `votes`
--

INSERT INTO `votes` (`IDVote`, `IDSugerencia`, `IDUsuario`, `Tipo`) VALUES
(198, 12, 4, 'up');

--
-- Índices para tablas volcadas
--

--
-- Indices de la tabla `administradores`
--
ALTER TABLE `administradores`
  ADD PRIMARY KEY (`IDAdmin`);

--
-- Indices de la tabla `elementos`
--
ALTER TABLE `elementos`
  ADD PRIMARY KEY (`numAtomico`);

--
-- Indices de la tabla `isotopos`
--
ALTER TABLE `isotopos`
  ADD PRIMARY KEY (`ID`),
  ADD KEY `z` (`z`);

--
-- Indices de la tabla `logbook`
--
ALTER TABLE `logbook`
  ADD PRIMARY KEY (`IDLOG`);

--
-- Indices de la tabla `oxidacion`
--
ALTER TABLE `oxidacion`
  ADD PRIMARY KEY (`z`);

--
-- Indices de la tabla `sugerencias`
--
ALTER TABLE `sugerencias`
  ADD PRIMARY KEY (`IDSugerencia`),
  ADD KEY `IDUsuario` (`IDUsuario`);

--
-- Indices de la tabla `usuarios`
--
ALTER TABLE `usuarios`
  ADD PRIMARY KEY (`IDUsuario`) USING BTREE;

--
-- Indices de la tabla `votes`
--
ALTER TABLE `votes`
  ADD PRIMARY KEY (`IDVote`),
  ADD KEY `IDSugerencia` (`IDSugerencia`),
  ADD KEY `IDUsuario` (`IDUsuario`) USING BTREE;

--
-- AUTO_INCREMENT de las tablas volcadas
--

--
-- AUTO_INCREMENT de la tabla `administradores`
--
ALTER TABLE `administradores`
  MODIFY `IDAdmin` int(11) NOT NULL AUTO_INCREMENT, AUTO_INCREMENT=2;

--
-- AUTO_INCREMENT de la tabla `elementos`
--
ALTER TABLE `elementos`
  MODIFY `numAtomico` int(11) NOT NULL AUTO_INCREMENT, AUTO_INCREMENT=119;

--
-- AUTO_INCREMENT de la tabla `isotopos`
--
ALTER TABLE `isotopos`
  MODIFY `ID` int(11) NOT NULL AUTO_INCREMENT, AUTO_INCREMENT=914;

--
-- AUTO_INCREMENT de la tabla `logbook`
--
ALTER TABLE `logbook`
  MODIFY `IDLOG` int(11) NOT NULL AUTO_INCREMENT, AUTO_INCREMENT=24;

--
-- AUTO_INCREMENT de la tabla `oxidacion`
--
ALTER TABLE `oxidacion`
  MODIFY `z` int(11) NOT NULL AUTO_INCREMENT, AUTO_INCREMENT=119;

--
-- AUTO_INCREMENT de la tabla `sugerencias`
--
ALTER TABLE `sugerencias`
  MODIFY `IDSugerencia` int(11) NOT NULL AUTO_INCREMENT, AUTO_INCREMENT=16;

--
-- AUTO_INCREMENT de la tabla `usuarios`
--
ALTER TABLE `usuarios`
  MODIFY `IDUsuario` int(11) NOT NULL AUTO_INCREMENT, AUTO_INCREMENT=6;

--
-- AUTO_INCREMENT de la tabla `votes`
--
ALTER TABLE `votes`
  MODIFY `IDVote` int(11) NOT NULL AUTO_INCREMENT, AUTO_INCREMENT=200;

--
-- Restricciones para tablas volcadas
--

--
-- Filtros para la tabla `isotopos`
--
ALTER TABLE `isotopos`
  ADD CONSTRAINT `isotopos_ibfk_1` FOREIGN KEY (`z`) REFERENCES `elementos` (`numAtomico`) ON DELETE NO ACTION ON UPDATE NO ACTION;

--
-- Filtros para la tabla `oxidacion`
--
ALTER TABLE `oxidacion`
  ADD CONSTRAINT `oxidacion_ibfk_1` FOREIGN KEY (`z`) REFERENCES `elementos` (`numAtomico`) ON DELETE NO ACTION ON UPDATE NO ACTION;

--
-- Filtros para la tabla `sugerencias`
--
ALTER TABLE `sugerencias`
  ADD CONSTRAINT `sugerencias_ibfk_1` FOREIGN KEY (`IDUsuario`) REFERENCES `usuarios` (`IDUsuario`) ON DELETE NO ACTION ON UPDATE NO ACTION;

--
-- Filtros para la tabla `votes`
--
ALTER TABLE `votes`
  ADD CONSTRAINT `votes_ibfk_1` FOREIGN KEY (`IDSugerencia`) REFERENCES `sugerencias` (`IDSugerencia`),
  ADD CONSTRAINT `votes_ibfk_2` FOREIGN KEY (`IDUsuario`) REFERENCES `usuarios` (`IDUsuario`) ON DELETE NO ACTION ON UPDATE NO ACTION;
COMMIT;

/*!40101 SET CHARACTER_SET_CLIENT=@OLD_CHARACTER_SET_CLIENT */;
/*!40101 SET CHARACTER_SET_RESULTS=@OLD_CHARACTER_SET_RESULTS */;
/*!40101 SET COLLATION_CONNECTION=@OLD_COLLATION_CONNECTION */;
